{"ISIN4324":108.65176029967543,"CISP23434":103.02217257335185,"ISIN1234":106.54801691784124}