{"ISIN4324":96.28247143861591,"CISP23434":96.78444315908888,"ISIN1234":93.62312922890003}